S/N,Application,Address,CurrentVersion,SupportedVersion,LatestVersion
----,------------------------,-----------------------,--------------,-----------------,---------------
1,Airflow,[Link here](https://github.com/apache/airflow/tree/main/chart),v2.2.3,,v2.3.2
2,ArgoCD,[Link here](https://github.com/argoproj/argo-helm/tree/main/charts/argo-cd),v2.3.4,,v2.4.3
3,ArgoWorkflow,[Link here](https://github.com/argoproj/argo-helm/tree/main/charts/argo-workflows),v3.3.7,,v3.3.8
4,CertManager,[Link here](https://github.com/helm/charts/tree/master/stable/cert-manager),v1.4.0,,v1.8.2
5,EFK,,v1.0.0,Elasticsearch:v7.16.3<br/>Fluentbit:v1.8.11<br/>Fluentd:v1.12.4<br/>Kibana:v7.16.3,
6,HMS,,v367.0.0,,v367.0.0
7,Istio,[Link here](https://github.com/istio/istio/tree/master/manifests/charts/base),v1.12.0,,v1.14.1
8,Jenkins,[Link here](https://github.com/jenkinsci/helm-charts/tree/main/charts/jenkins),v2.319.2,,v4.1.12
9,JupyterBook,custom-built,v1.0.0,,
10,JupyterHub,[Link here](https://github.com/jupyterhub/helm-chart),v1.2.0,,v1.2.0
11,Kafka,[Link here](https://github.com/bitnami/charts/tree/master/bitnami/kafka),,,v3.2.0
12,Keycloak,[Link here](https://github.com/codecentric/helm-charts/tree/master/charts/keycloak),,,v18.1.1
13,Kyverno,[Link here](https://github.com/kyverno/kyverno/tree/main/charts/kyverno),v1.6.1,,v1.7.1
14,Longhorn,[Link here](https://github.com/longhorn/longhorn/tree/master/chart),v1.2.4,,v1.3.0
15,Nginx,[Link here](https://github.com/kubernetes/ingress-nginx/tree/main/charts/ingress-nginx),v1.2.1,v1.0.4,v1.2.1
16,PTG,,v1.0.0,Prometheus:v6.6.5<br/>Thanos:v9.0.3<br/>Grafana:v6.21.2,
17,RabbitMQ,[Link here](https://github.com/bitnami/charts/tree/master/bitnami/rabbitmq-cluster-operator),v3.9.12,,v3.10.5
18,Sealedsecrets,[Link here](https://github.com/bitnami-labs/sealed-secrets/tree/main/helm/sealed-secrets),v0.17.5,,v0.18.0
19,Spark,[Link here](https://github.com/bitnami/charts/tree/master/bitnami/spark),v3.2.1,,v3.2.1
20,Superset,[Link here](https://github.com/apache/superset/tree/master/helm/superset),v0.0.0dev,,v1.5.1
21,TiDB,[Link here](https://github.com/pingcap/tidb-operator/tree/master/charts),v5.4.0,v5.3.0,v6.1.0
22,Trino,[Link here](https://github.com/trinodb/charts/tree/main/charts/trino),v355.0.0,,v0.8.0
23,Utilitytool,custom-built,v1.0.0,,
24,Vault,[Link here](https://github.com/hashicorp/vault-helm),v0.14.2,v0.20.1,