{
  "accessMode": "rwx",
  "actions": {
    "attach": "http://172.31.3.61:9500/v1/volumes/pvc-216430b2-6667-429b-8f40-c12dc9e30018?action=attach",
    "detach": "http://172.31.3.61:9500/v1/volumes/pvc-216430b2-6667-429b-8f40-c12dc9e30018?action=detach"
  },
  "backingImage": "",
  "backupStatus": [],
  "cloneStatus": { "snapshot": "", "sourceVolume": "", "state": "" },
  "conditions": null,
  "controllers": [],
  "created": "2022-05-05 07:48:32 +0000 UTC",
  "currentImage": "",
  "dataLocality": "disabled",
  "dataSource": "",
  "disableFrontend": false,
  "diskSelector": [],
  "encrypted": false,
  "engineImage": "longhornio/longhorn-engine:v1.2.4",
  "fromBackup": "s3://dbsada-artifacts@ap-southeast-1/longhorn-backup/?backup=backup-bf54868eb46b4b54&volume=pvc-216430b2-6667-429b-8f40-c12dc9e30018",
  "frontend": "blockdev",
  "id": "pvc-216430b2-6667-429b-8f40-c12dc9e30018",
  "kubernetesStatus": {
    "lastPVCRefAt": "",
    "lastPodRefAt": "",
    "namespace": "",
    "pvName": "",
    "pvStatus": "",
    "pvcName": "",
    "workloadsStatus": null
  },
  "lastAttachedBy": "",
  "lastBackup": "",
  "lastBackupAt": "",
  "links": {
    "self": "http://172.31.3.61:9500/v1/volumes/pvc-216430b2-6667-429b-8f40-c12dc9e30018"
  },
  "migratable": false,
  "name": "pvc-216430b2-6667-429b-8f40-c12dc9e30018",
  "nodeSelector": [],
  "numberOfReplicas": 3,
  "purgeStatus": null,
  "ready": false,
  "rebuildStatus": [],
  "recurringJobSelector": null,
  "replicaAutoBalance": "ignored",
  "replicas": [],
  "restoreRequired": false,
  "restoreStatus": [],
  "revisionCounterDisabled": false,
  "robustness": "",
  "shareEndpoint": "",
  "shareState": "",
  "size": "10737418240",
  "staleReplicaTimeout": 20,
  "standby": false,
  "state": "",
  "type": "volume"
}

[2022/05/05 09:44:51.327 +00:00] [FATAL] [lib.rs:465] 
["Failed to reserve space for recovery: Operation not supported (os error 95)."] 
[backtrace="   0: tikv_util::set_panic_hook::{{closure}}\n             at home/jenkins/agent/workspace/build-common/go/src/github.com/pingcap/tikv/components/tikv_util/src/lib.rs:464:18\n   
    1: std::panicking::rust_panic_with_hook\n             at rustc/2faabf579323f5252329264cc53ba9ff803429a3/library/std/src/panicking.rs:626:17\n   
    2: std::panicking::begin_panic_handler::{{closure}}\n             at rustc/2faabf579323f5252329264cc53ba9ff803429a3/library/std/src/panicking.rs:519:13\n   
    3: std::sys_common::backtrace::__rust_end_short_backtrace\n             at rustc/2faabf579323f5252329264cc53ba9ff803429a3/library/std/src/sys_common/backtrace.rs:141:18\n   
    4: rust_begin_unwind\n             at rustc/2faabf579323f5252329264cc53ba9ff803429a3/library/std/src/panicking.rs:515:5\n   
    5: std::panicking::begin_panic_fmt\n             at rustc/2faabf579323f5252329264cc53ba9ff803429a3/library/std/src/panicking.rs:457:5\n   
    6: server::server::TiKVServer<ER>::init_fs::{{closure}}\n             at home/jenkins/agent/workspace/build-common/go/src/github.com/pingcap/tikv/components/server/src/server.rs:445:26\n   
    7: core::result::Result<T,E>::map_err\n             at rustc/2faabf579323f5252329264cc53ba9ff803429a3/library/core/src/result.rs:835:27\n      server::server::TiKVServer<ER>::init_fs\n             
        at home/jenkins/agent/workspace/build-common/go/src/github.com/pingcap/tikv/components/server/src/server.rs:441:13\n      server::server::run_tikv\n             
        at home/jenkins/agent/workspace/build-common/go/src/github.com/pingcap/tikv/components/server/src/server.rs:155:9\n   
    8: tikv_server::main\n             at home/jenkins/agent/workspace/build-common/go/src/github.com/pingcap/tikv/cmd/tikv-server/src/main.rs:190:5\n   
    9: core::ops::function::FnOnce::call_once\n             at rustc/2faabf579323f5252329264cc53ba9ff803429a3/library/core/src/ops/function.rs:227:5\n      std::sys_common::backtrace::__rust_begin_short_backtrace\n             
        at rustc/2faabf579323f5252329264cc53ba9ff803429a3/library/std/src/sys_common/backtrace.rs:125:18\n  10: main\n  11: __libc_start_main\n  12: <unknown>\n"] 
[location=components/server/src/server.rs:445] [thread_name=main]