{
    "$schema": "http://json-schema.org/schema#",
    "type": "object",
    "properties": {
        "affinity": {
            "type": "object"
        },
        "cronJob": {
            "type": "object",
            "properties": {
                "history": {
                    "type": "object",
                    "properties": {
                        "failedJobsHistoryLimit": {
                            "type": "integer"
                        },
                        "successfulJobsHistoryLimit": {
                            "type": "integer"
                        }
                    }
                },
                "outputFormat": {
                    "type": "string"
                },
                "schedule": {
                    "type": "string"
                },
                "spinachConfiguration": {
                    "type": "object"
                }
            }
        },
        "fullnameOverride": {
            "type": "string"
        },
        "image": {
            "type": "object",
            "properties": {
                "pullPolicy": {
                    "type": "string"
                },
                "repository": {
                    "type": "string"
                },
                "tag": {
                    "type": "string"
                }
            }
        },
        "imagePullSecrets": {
            "type": "array"
        },
        "nameOverride": {
            "type": "string"
        },
        "nodeSelector": {
            "type": "object"
        },
        "podAnnotations": {
            "type": "object"
        },
        "podSecurityContext": {
            "type": "object"
        },
        "resources": {
            "type": "object",
            "properties": {
                "limits": {
                    "type": "object",
                    "properties": {
                        "cpu": {
                            "type": "string"
                        },
                        "memory": {
                            "type": "string"
                        }
                    }
                }
            }
        },
        "securityContext": {
            "type": "object"
        },
        "serviceAccount": {
            "type": "object",
            "properties": {
                "annotations": {
                    "type": "object"
                },
                "create": {
                    "type": "boolean"
                },
                "name": {
                    "type": "string"
                }
            }
        },
        "tolerations": {
            "type": "array"
        }
    }
}
